<?xml version="1.0" encoding="UTF-8"?>
<methodResponse>
    <params>
        <param>
            <value>
                <struct>
                    <member>
                        <name>accountFlagsAfter</name>
                        <value>
                            <struct>
                                <member>
                                    <name>activationStatusFlag</name>
                                    <value>
                                        <boolean>1</boolean>
                                    </value>
                                </member>
                                <member>
                                    <name>negativeBarringStatusFlag</name>
                                    <value>
                                        <boolean>0</boolean>
                                    </value>
                                </member>
                                <member>
                                    <name>serviceFeePeriodExpiryFlag</name>
                                    <value>
                                        <boolean>0</boolean>
                                    </value>
                                </member>
                                <member>
                                    <name>serviceFeePeriodWarningActiveFlag</name>
                                    <value>
                                        <boolean>0</boolean>
                                    </value>
                                </member>
                                <member>
                                    <name>supervisionPeriodExpiryFlag</name>
                                    <value>
                                        <boolean>0</boolean>
                                    </value>
                                </member>
                                <member>
                                    <name>supervisionPeriodWarningActiveFlag</name>
                                    <value>
                                        <boolean>0</boolean>
                                    </value>
                                </member>
                            </struct>
                        </value>
                    </member>
                    <member>
                        <name>accountFlagsBefore</name>
                        <value>
                            <struct>
                                <member>
                                    <name>activationStatusFlag</name>
                                    <value>
                                        <boolean>1</boolean>
                                    </value>
                                </member>
                                <member>
                                    <name>negativeBarringStatusFlag</name>
                                    <value>
                                        <boolean>0</boolean>
                                    </value>
                                </member>
                                <member>
                                    <name>serviceFeePeriodExpiryFlag</name>
                                    <value>
                                        <boolean>0</boolean>
                                    </value>
                                </member>
                                <member>
                                    <name>serviceFeePeriodWarningActiveFlag</name>
                                    <value>
                                        <boolean>0</boolean>
                                    </value>
                                </member>
                                <member>
                                    <name>supervisionPeriodExpiryFlag</name>
                                    <value>
                                        <boolean>0</boolean>
                                    </value>
                                </member>
                                <member>
                                    <name>supervisionPeriodWarningActiveFlag</name>
                                    <value>
                                        <boolean>0</boolean>
                                    </value>
                                </member>
                            </struct>
                        </value>
                    </member>
                    <member>
                        <name>accountValue1</name>
                        <value>
                            <string>8250</string>
                        </value>
                    </member>
                    <member>
                        <name>availableServerCapabilities</name>
                        <value>
                            <array>
                                <data>
                                    <value>
                                        <i4>939864772</i4>
                                    </value>
                                    <value>
                                        <i4>1636202476</i4>
                                    </value>
                                </data>
                            </array>
                        </value>
                    </member>
                    <member>
                        <name>creditClearanceDate</name>
                        <value>
                            <dateTime.iso8601>20250519T12:00:00+0000</dateTime.iso8601>
                        </value>
                    </member>
                    <member>
                        <name>currency1</name>
                        <value>
                            <string>GBP</string>
                        </value>
                    </member>
                    <member>
                        <name>languageIDCurrent</name>
                        <value>
                            <i4>2</i4>
                        </value>
                    </member>
                    <member>
                        <name>negotiatedCapabilities</name>
                        <value>
                            <array>
                                <data>
                                    <value>
                                        <i4>0</i4>
                                    </value>
                                </data>
                            </array>
                        </value>
                    </member>
                    <member>
                        <name>offerInformationList</name>
                        <value>
                            <array>
                                <data>
                                    <value>
                                        <struct>
                                            <member>
                                                <name>expiryDate</name>
                                                <value>
                                                    <dateTime.iso8601>20240608T12:00:00+0000</dateTime.iso8601>
                                                </value>
                                            </member>
                                            <member>
                                                <name>offerID</name>
                                                <value>
                                                    <i4>55025</i4>
                                                </value>
                                            </member>
                                            <member>
                                                <name>offerType</name>
                                                <value>
                                                    <i4>0</i4>
                                                </value>
                                            </member>
                                            <member>
                                                <name>startDate</name>
                                                <value>
                                                    <dateTime.iso8601>20240510T12:00:00+0000</dateTime.iso8601>
                                                </value>
                                            </member>
                                        </struct>
                                    </value>
                                    <value>
                                        <struct>
                                            <member>
                                                <name>expiryDate</name>
                                                <value>
                                                    <dateTime.iso8601>20240608T12:00:00+0000</dateTime.iso8601>
                                                </value>
                                            </member>
                                            <member>
                                                <name>offerID</name>
                                                <value>
                                                    <i4>55107</i4>
                                                </value>
                                            </member>
                                            <member>
                                                <name>offerType</name>
                                                <value>
                                                    <i4>0</i4>
                                                </value>
                                            </member>
                                            <member>
                                                <name>startDate</name>
                                                <value>
                                                    <dateTime.iso8601>20240503T12:00:00+0000</dateTime.iso8601>
                                                </value>
                                            </member>
                                        </struct>
                                    </value>
                                </data>
                            </array>
                        </value>
                    </member>
                    <member>
                        <name>originTransactionID</name>
                        <value>
                            <string>007007</string>
                        </value>
                    </member>
                    <member>
                        <name>responseCode</name>
                        <value>
                            <i4>0</i4>
                        </value>
                    </member>
                    <member>
                        <name>serviceClassCurrent</name>
                        <value>
                            <i4>4691</i4>
                        </value>
                    </member>
                    <member>
                        <name>serviceFeeExpiryDate</name>
                        <value>
                            <dateTime.iso8601>20250519T12:00:00+0000</dateTime.iso8601>
                        </value>
                    </member>
                    <member>
                        <name>serviceRemovalDate</name>
                        <value>
                            <dateTime.iso8601>20250802T12:00:00+0000</dateTime.iso8601>
                        </value>
                    </member>
                    <member>
                        <name>supervisionExpiryDate</name>
                        <value>
                            <dateTime.iso8601>20250504T12:00:00+0000</dateTime.iso8601>
                        </value>
                    </member>
                </struct>
            </value>
        </param>
    </params>
</methodResponse>