[
  {
    "transactionId": "1",
    "title": "Mr.",
    "firstName": "John",
    "lastName": "Doe",
    "paymentAccepted": true,
    "areaCode": "123",
    "siNumber": "456",
    "accountNo": "789",
    "payToBillAcc": "101112",
    "circle": "XYZ",
    "domain": "example.com",
    "subLob": "ABC",
    "emailAddress": "john.doe@example.com",
    "token": "token123",
    "postBackStatus": true,
    "postBackToken": "pg123",
    "capPostStatus": true,
    "corpPaymentStatus": true,
    "paymentPostingCode": "code123",
    "createdAt": 1621701254000,
    "updatedAt": 1621701254000,
    "transDate": "2021-05-22",
    "merchantId": "merchant123",
    "invoiceNumber": "inv123",
    "amount": 100.00,
    "cardNumber": "**** **** **** 1234",
    "version": 1,
    "packageName": "Package A",
    "rechargeType": "Type X",
    "rechargeCat": "Category Y",
    "validTopUp": true,
    "paymentEnquiryStatus": true,
    "balance": 500.00,
    "postBackRetrials": 1,
    "corpPaymentRetrials": 3,
    "message": "Success",
    "applicationType": "web"
  },
  {
    "transactionId": "2",
    "title": "Ms.",
    "firstName": "Jane",
    "lastName": "Smith",
    "paymentAccepted": false,
    "areaCode": "456",
    "siNumber": "789",
    "accountNo": "101112",
    "payToBillAcc": "131415",
    "circle": "ABC",
    "domain": "test.com",
    "subLob": "DEF",
    "emailAddress": "jane.smith@test.com",
    "token": null,
    "postBackStatus": false,
    "postBackToken": null,
    "capPostStatus": false,
    "corpPaymentStatus": false,
    "paymentPostingCode": null,
    "createdAt": 12345,
    "updatedAt": 1621701254000,
    "transDate": "2021-05-22",
    "merchantId": "merchant456",
    "invoiceNumber": "inv456",
    "amount": 50.00,
    "cardNumber": "**** **** **** 5678",
    "version": 1,
    "packageName": "Package B",
    "rechargeType": "Type Y",
    "rechargeCat": "Category Z",
    "validTopUp": false,
    "paymentEnquiryStatus": false,
    "balance": 250.00,
    "postBackRetrials": 0,
    "corpPaymentRetrials": 0,
    "message": "Pending",
    "applicationType": "app"
  },
  {
    "transactionId": "3",
    "title": "Mr.",
    "firstName": "John",
    "lastName": "Doe",
    "paymentAccepted": true,
    "areaCode": "123",
    "siNumber": "456",
    "accountNo": "789",
    "payToBillAcc": "101112",
    "circle": "XYZ",
    "domain": "example.com",
    "subLob": "ABC",
    "emailAddress": "john.doe@example.com",
    "token": "token123",
    "postBackStatus": true,
    "postBackToken": "pg123",
    "capPostStatus": true,
    "corpPaymentStatus": true,
    "paymentPostingCode": "code123",
    "createdAt": 1621701254000,
    "updatedAt": 1621701254000,
    "transDate": "2021-05-22",
    "merchantId": "merchant123",
    "invoiceNumber": "inv123",
    "amount": 100.00,
    "cardNumber": "**** **** **** 1234",
    "version": 1,
    "packageName": "Package A",
    "rechargeType": "Type X",
    "rechargeCat": "Category Y",
    "validTopUp": true,
    "paymentEnquiryStatus": true,
    "balance": 500.00,
    "postBackRetrials": 1,
    "corpPaymentRetrials": 3,
    "message": "Success",
    "applicationType": "web"
  },
  {
    "transactionId": "4",
    "title": "Mr.",
    "firstName": "John",
    "lastName": "Doe",
    "paymentAccepted": true,
    "areaCode": "123",
    "siNumber": "456",
    "accountNo": "789",
    "payToBillAcc": "101112",
    "circle": "XYZ",
    "domain": "example.com",
    "subLob": "ABC",
    "emailAddress": "john.doe@example.com",
    "token": "token123",
    "postBackStatus": true,
    "postBackToken": "pg123",
    "capPostStatus": true,
    "corpPaymentStatus": true,
    "paymentPostingCode": "code123",
    "createdAt": 12345,
    "updatedAt": 1621701254000,
    "transDate": "2021-05-22",
    "merchantId": "merchant123",
    "invoiceNumber": "inv123",
    "amount": 100.00,
    "cardNumber": "**** **** **** 1234",
    "version": 1,
    "packageName": "Package A",
    "rechargeType": "Type X",
    "rechargeCat": "Category Y",
    "validTopUp": true,
    "paymentEnquiryStatus": true,
    "balance": 500.00,
    "postBackRetrials": 1,
    "corpPaymentRetrials": 3,
    "message": "Success",
    "applicationType": "web"
  },
  {
    "transactionId": "5",
    "title": "Mr.",
    "firstName": "John",
    "lastName": "Doe",
    "paymentAccepted": true,
    "areaCode": "123",
    "siNumber": "456",
    "accountNo": "789",
    "payToBillAcc": "101112",
    "circle": "XYZ",
    "domain": "example.com",
    "subLob": "ABC",
    "emailAddress": "john.doe@example.com",
    "token": "token123",
    "postBackStatus": true,
    "postBackToken": "pg123",
    "capPostStatus": true,
    "corpPaymentStatus": true,
    "paymentPostingCode": "code123",
    "createdAt": 12345,
    "updatedAt": 1621701254000,
    "transDate": "2021-05-22",
    "merchantId": "merchant123",
    "invoiceNumber": "inv123",
    "amount": 100.00,
    "cardNumber": "**** **** **** 1234",
    "version": 1,
    "packageName": "Package A",
    "rechargeType": "Type X",
    "rechargeCat": "Category Y",
    "validTopUp": true,
    "paymentEnquiryStatus": true,
    "balance": 500.00,
    "postBackRetrials": 1,
    "corpPaymentRetrials": 3,
    "message": "Success",
    "applicationType": "web"
  }
]
